,protein_id,class_id,number_of_points
0,6vz4_3:G:G_model5,40,10134
1,8g6g_3:G:G_model1,40,10180
2,6vz4_3:C:C_model9,40,10190
3,8tof_10:L:c_model1,40,9678
4,8du4_3:G:G_model1,40,10420
5,5oy7_4:AA:C_model1,40,9852
6,6vz4_3:C:C_model10,40,10232
7,5o9g_3:C:C_model1,40,10296
8,4ld9_3:C:C_model1,40,9600
9,6vz4_3:G:G_model10,40,10186
10,6vz4_3:G:G_model2,40,10196
11,7x3w_3:G:G_model1,40,10420
12,7vdt_3:C:C_model1,40,10384
13,5oy7_4:S:a_model1,40,9876
14,8b0a_4:D:C_model1,40,10278
15,6vz4_3:C:C_model8,40,10186
16,8du4_3:C:C_model1,40,10404
17,5oxv_3:G:G_model1,40,9866
18,6vz4_3:G:G_model10,40,10186
19,8eue_3:C:C_model1,40,10344
20,5oy7_4:D:G_model1,40,10062
21,5x0x_3:G:G_model1,40,10388
22,7nky_22:V:c_model1,40,9600
23,6vz4_3:C:C_model6,40,10192
24,6kw4_3:F:S_model1,40,10318
25,8t9h_3:C:C_model1,40,10236
26,5o9g_3:G:G_model1,40,10544
27,7vdt_3:G:G_model1,40,10500
28,6vz4_3:C:C_model3,40,10172
29,6n1z_2:B:B_model1,40,8162
30,8t9h_3:G:G_model1,40,10160
31,7nkx_13:M:c_model1,40,9616
32,8euj_3:J:G_model1,40,10058
33,6vz4_3:C:C_model4,40,10170
34,6n1z_2:E:E_model1,40,8086
35,7vvz_6:J:S_model1,40,10316
36,5e5a_4:E:C_model1,40,9970
37,6ryu_3:G:G_model1,40,10192
38,4ld9_3:G:G_model1,40,9640
39,8tof_10:P:g_model1,40,9780
40,7x3w_3:C:C_model1,40,10388
41,5oxv_3:L:M_model1,40,10038
42,6vz4_3:G:G_model1,40,10216
43,8etv_3:C:C_model1,40,10516
44,7x3v_3:G:G_model1,40,10228
45,7x3x_3:G:G_model1,40,10378
46,7x3t_3:C:C_model1,40,10398
47,5oxv_3:C:C_model1,40,10070
48,8euj_3:C:C_model1,40,10330
49,8g6h_3:G:G_model1,40,10256
50,6ryu_3:C:C_model1,40,10114
51,4kgc_3:C:C_model1,40,10236
52,6vz4_3:G:G_model4,40,10166
53,4zux_3:M:M_model1,40,10096
54,7und_28:FA:g_model1,40,10046
55,6om3_3:S:S_model1,40,10328
56,4kgc_3:G:G_model1,40,10288
57,8ett_3:C:C_model1,40,10668
58,5oy7_4:W:e_model1,40,10118
59,6om3_3:O:O_model1,40,10488
60,6vz4_3:C:C_model2,40,10240
61,6kw5_17:S:O_model1,40,10364
62,5oy7_4:EA:K_model1,40,10088
63,6vz4_3:C:C_model5,40,10164
64,6o96_3:C:C_model1,40,10250
65,7x3t_3:N:M_model1,40,10284
66,6zhy_3:C:C_model1,40,10044
67,5oy7_4:P:S_model1,40,10048
68,7vdv_2:B:C_model1,40,10272
69,7otq_4:D:C_model1,40,9710
70,5oy7_4:R:W_model1,40,9908
71,5oxv_3:P:Q_model1,40,9898
72,6ryr_3:G:G_model1,40,9998
73,6j99_3:G:G_model1,40,10206
74,7vdv_2:F:G_model1,40,10510
75,5oy7_4:L:O_model1,40,9906
76,7nky_22:Z:g_model1,40,8860
77,7x3t_3:G:G_model1,40,10360
78,6vz4_3:C:C_model7,40,10168
79,7vvu_6:F:N_model1,40,10354
80,6vz4_3:C:C_model1,40,10230
81,6i84_2:C:V_model1,40,10162
82,7vvz_6:F:N_model1,40,10234
83,6zhx_3:C:C_model1,40,10824
84,8g6g_3:C:C_model1,40,10094
85,6vz4_3:G:G_model7,40,10162
86,7vvu_6:J:S_model1,40,10318
87,7x3t_3:R:Q_model1,40,10238
88,6ryr_3:C:C_model1,40,9686
89,4zux_3:G:G_model1,40,10572
90,7ud5_3:C:C_model1,40,10836
91,6om3_3:G:G_model1,40,10362
92,7unc_27:EA:g_model1,40,9792
93,7nkx_13:Q:g_model1,40,8466
94,6vz4_3:G:G_model3,40,10200
95,7x3v_3:C:C_model1,40,10414
96,6vz4_3:C:C_model10,40,10232
97,2g0x_1:A:A_model2,88,10526
98,4twu_1:A:A_model1,88,10292
99,5ycj_1:A:A_model1,88,10236
100,1m6m_1:A:A_model1,88,10362
101,1mnk_1:A:A_model1,88,10102
102,1ycb_1:B:B_model1,88,10138
103,2g14_1:A:A_model2,88,10564
104,7dgl_1:A:A_model1,88,12878
105,3wyo_2:D:D_model1,88,12736
106,1mlo_1:A:A_model1,88,10386
107,6ltl_1:B:B_model1,88,12794
108,1do7_1:A:A_model1,88,10580
109,6jp1_1:B:B_model1,88,10404
110,3mn0_1:A:A_model1,88,10692
111,1mwd_1:A:A_model1,88,10244
112,4ns2_1:A:A_model1,88,10344
113,7dgn_1:A:A_model1,88,13112
114,8f9i_1:B:B_model1,88,10548
115,1yca_1:B:B_model1,88,10166
116,1myg_1:B:B_model1,88,10064
117,2g11_1:A:A_model2,88,10504
118,7xcf_1:A:A_model1,88,10400
119,7dgj_1:B:B_model1,88,12872
120,6ls8_1:F:K_model1,88,10476
121,1mnj_1:B:B_model1,88,10054
122,2g14_1:A:A_model1,88,10574
123,5yci_1:B:B_model1,88,10796
124,107m_1:A:A_model1,88,10512
125,3hc9_1:A:A_model1,88,10438
126,6ls8_1:D:G_model1,88,10652
127,6bmg_1:A:A_model1,88,10528
128,7dgn_1:B:B_model1,88,12830
129,1mwd_1:B:B_model1,88,10286
130,1myj_1:B:B_model1,88,10040
131,7v5p_1:A:A_model1,88,12958
132,1mni_1:B:B_model1,88,10122
133,8esu_1:A:A_model1,88,10780
134,1mno_1:A:A_model1,88,10244
135,7v5q_1:A:A_model1,88,12854
136,1nz3_1:A:A_model1,88,10368
137,7v5p_1:B:B_model1,88,12754
138,1nz5_1:A:A_model1,88,10446
139,6z4t_1:A:A_model1,88,10548
140,3hen_1:A:A_model1,88,10530
141,1myi_1:B:B_model1,88,10114
142,3ogb_1:A:A_model1,88,10742
143,8kfi_1:A:A_model1,88,11028
144,1bje_1:A:A_model1,88,10542
145,4fwy_1:A:A_model1,88,10330
146,1mno_1:B:B_model1,88,10258
147,1myi_1:A:A_model1,88,10094
148,1mnj_1:A:A_model1,88,10036
149,1mwc_1:A:A_model1,88,10264
150,6ltl_1:A:A_model1,88,13010
151,7v5q_1:B:B_model1,88,12916
152,7dgk_1:B:B_model1,88,12750
153,1hsy_1:A:A_model1,88,10542
154,8fb0_1:A:A_model1,88,10350
155,3hep_1:A:A_model1,88,10424
156,6f18_1:A:A_model1,88,10504
157,7dgo_1:B:B_model1,88,12712
158,1ycb_1:A:A_model1,88,10274
159,5ycj_1:B:B_model1,88,11032
160,7dgo_1:A:A_model1,88,13118
161,2g11_1:A:A_model1,88,10574
162,1mni_1:A:A_model1,88,10064
163,3heo_1:A:A_model1,88,10370
164,1mdn_1:B:B_model1,88,10274
165,7ddu_1:B:C_model1,88,10750
166,3wyo_1:A:A_model1,88,12970
167,7v5r_1:B:B_model1,88,12760
168,6ls8_1:E:I_model1,88,10370
169,1pmb_1:B:B_model1,88,10042
170,3wyo_2:B:B_model1,88,12940
171,6ltm_1:A:A_model1,88,12712
172,7dgm_1:B:B_model1,88,12672
173,7dgj_1:A:A_model1,88,12850
174,3rj6_1:A:A_model1,88,10080
175,7dgl_1:B:B_model1,88,12772
176,5utb_1:A:A_model1,88,10240
177,1pmb_1:A:A_model1,88,10124
178,4h0b_1:A:A_model1,88,10498
179,1myh_1:A:A_model1,88,10018
180,3rj6_1:B:B_model1,88,10094
181,6bmg_1:B:B_model1,88,10618
182,4lpi_1:A:A_model1,88,10160
183,7dgm_1:A:A_model1,88,12882
184,1yca_1:A:A_model1,88,10248
185,2g0x_1:A:A_model1,88,10566
186,1mll_1:A:A_model1,88,10286
187,4twv_1:A:A_model1,88,10240
188,7xcq_1:A:A_model1,88,10506
189,8f9j_1:A:A_model1,88,10608
190,1j3f_1:A:A_model1,88,10244
191,7ddu_1:A:A_model1,88,10530
192,1myh_1:B:B_model1,88,10060
193,1myg_1:A:A_model1,88,10156
