,protein_id,class_id,number_of_points
0,7x3v_3:C:C_model1,40,10414
1,8tof_10:P:g_model1,40,9780
2,7otq_4:D:C_model1,40,9710
3,6vz4_3:G:G_model5,40,10134
4,1ycb_1:B:B_model1,88,10138
5,5oy7_4:P:S_model1,40,10048
6,6ryr_3:G:G_model1,40,9998
7,7dgo_1:A:A_model1,88,13118
8,5oxv_3:C:C_model1,40,10070
9,3rj6_1:A:A_model1,88,10080
10,1myh_1:A:A_model1,88,10018
11,7v5p_1:A:A_model1,88,12958
12,1do7_1:A:A_model1,88,10580
13,6bmg_1:B:B_model1,88,10618
14,1mwc_1:A:A_model1,88,10264
15,5oy7_4:AA:C_model1,40,9852
16,1myg_1:B:B_model1,88,10064
17,4zux_3:G:G_model1,40,10572
18,8kfi_1:A:A_model1,88,11028
19,6ryu_3:G:G_model1,40,10192
20,8g6h_3:G:G_model1,40,10256
21,4kgc_3:G:G_model1,40,10288
22,5oy7_4:R:W_model1,40,9908
23,7x3t_3:N:M_model1,40,10284
24,6ls8_1:E:I_model1,88,10370
25,7v5q_1:A:A_model1,88,12854
26,6om3_3:G:G_model1,40,10362
27,1nz3_1:A:A_model1,88,10368
28,8du4_3:G:G_model1,40,10420
29,8tof_10:L:c_model1,40,9678
30,7ud5_3:C:C_model1,40,10836
31,1myi_1:B:B_model1,88,10114
32,1mni_1:B:B_model1,88,10122
33,7x3t_3:R:Q_model1,40,10238
34,1myj_1:B:B_model1,88,10040
35,6o96_3:C:C_model1,40,10250
36,8du4_3:C:C_model1,40,10404
37,6vz4_3:G:G_model1,40,10216
38,8g6g_3:C:C_model1,40,10094
39,3ogb_1:A:A_model1,88,10742
40,4twv_1:A:A_model1,88,10240
41,7nky_22:V:c_model1,40,9600
42,1ycb_1:A:A_model1,88,10274
43,6ltl_1:B:B_model1,88,12794
44,1yca_1:A:A_model1,88,10248
45,8f9i_1:B:B_model1,88,10548
46,7xcq_1:A:A_model1,88,10506
47,5x0x_3:G:G_model1,40,10388
48,7nkx_13:Q:g_model1,40,8466
49,1mll_1:A:A_model1,88,10286
50,6zhx_3:C:C_model1,40,10824
51,6vz4_3:G:G_model3,40,10200
52,7vdv_2:F:G_model1,40,10510
53,1mdn_1:B:B_model1,88,10274
54,1mwd_1:A:A_model1,88,10244
55,6ltm_1:A:A_model1,88,12712
56,1mnk_1:A:A_model1,88,10102
57,3hep_1:A:A_model1,88,10424
58,1nz5_1:A:A_model1,88,10446
59,2g11_1:A:A_model1,88,10574
60,7dgo_1:B:B_model1,88,12712
61,4h0b_1:A:A_model1,88,10498
62,6vz4_3:C:C_model10,40,10232
63,8esu_1:A:A_model1,88,10780
64,5o9g_3:C:C_model1,40,10296
65,1myi_1:A:A_model1,88,10094
66,6vz4_3:C:C_model3,40,10172
67,6n1z_2:E:E_model1,40,8086
68,2g0x_1:A:A_model1,88,10566
69,6vz4_3:C:C_model1,40,10230
70,7vvu_6:J:S_model1,40,10318
71,1j3f_1:A:A_model1,88,10244
72,7nkx_13:M:c_model1,40,9616
73,6om3_3:S:S_model1,40,10328
74,7dgk_1:B:B_model1,88,12750
75,7dgn_1:B:B_model1,88,12830
76,7x3t_3:C:C_model1,40,10398
77,6vz4_3:C:C_model4,40,10170
78,7dgm_1:A:A_model1,88,12882
79,6ryr_3:C:C_model1,40,9686
80,7dgn_1:A:A_model1,88,13112
81,6vz4_3:C:C_model5,40,10164
82,6f18_1:A:A_model1,88,10504
83,7vvu_6:F:N_model1,40,10354
84,7dgl_1:B:B_model1,88,12772
85,1mwd_1:B:B_model1,88,10286
86,5o9g_3:G:G_model1,40,10544
87,7x3w_3:G:G_model1,40,10420
88,7vdt_3:G:G_model1,40,10500
89,8ett_3:C:C_model1,40,10668
90,7ddu_1:A:A_model1,88,10530
91,7unc_27:EA:g_model1,40,9792
92,1mno_1:B:B_model1,88,10258
93,6vz4_3:C:C_model2,40,10240
94,8fb0_1:A:A_model1,88,10350
95,6vz4_3:C:C_model7,40,10168
96,6ls8_1:D:G_model1,88,10652
97,5oy7_4:S:a_model1,40,9876
98,5oy7_4:W:e_model1,40,10118
99,7ddu_1:B:C_model1,88,10750
100,3hc9_1:A:A_model1,88,10438
101,7vvz_6:F:N_model1,40,10234
102,7vvz_6:J:S_model1,40,10316
103,6vz4_3:C:C_model8,40,10186
104,107m_1:A:A_model1,88,10512
105,7x3t_3:G:G_model1,40,10360
106,6om3_3:O:O_model1,40,10488
107,1myg_1:A:A_model1,88,10156
108,3hen_1:A:A_model1,88,10530
109,4ns2_1:A:A_model1,88,10344
110,6vz4_3:G:G_model4,40,10166
111,1hsy_1:A:A_model1,88,10542
112,6vz4_3:G:G_model10,40,10186
113,5oxv_3:G:G_model1,40,9866
114,8euj_3:J:G_model1,40,10058
115,5oy7_4:L:O_model1,40,9906
116,5yci_1:B:B_model1,88,10796
117,8etv_3:C:C_model1,40,10516
118,1mlo_1:A:A_model1,88,10386
119,8b0a_4:D:C_model1,40,10278
120,4kgc_3:C:C_model1,40,10236
121,7vdt_3:C:C_model1,40,10384
122,4ld9_3:C:C_model1,40,9600
123,7x3x_3:G:G_model1,40,10378
124,7v5q_1:B:B_model1,88,12916
125,4lpi_1:A:A_model1,88,10160
126,6n1z_2:B:B_model1,40,8162
127,7dgj_1:B:B_model1,88,12872
128,8f9j_1:A:A_model1,88,10608
129,5oxv_3:P:Q_model1,40,9898
130,8t9h_3:C:C_model1,40,10236
131,3wyo_2:D:D_model1,88,12736
132,4fwy_1:A:A_model1,88,10330
133,7dgl_1:A:A_model1,88,12878
134,4twu_1:A:A_model1,88,10292
135,7nky_22:Z:g_model1,40,8860
136,6jp1_1:B:B_model1,88,10404
137,6ls8_1:F:K_model1,88,10476
138,3heo_1:A:A_model1,88,10370
139,7x3w_3:C:C_model1,40,10388
140,5e5a_4:E:C_model1,40,9970
141,1mni_1:A:A_model1,88,10064
142,1bje_1:A:A_model1,88,10542
143,3wyo_1:A:A_model1,88,12970
144,5oy7_4:D:G_model1,40,10062
145,6vz4_3:C:C_model6,40,10192
146,7v5r_1:B:B_model1,88,12760
147,4ld9_3:G:G_model1,40,9640
148,6vz4_3:G:G_model2,40,10196
149,1mno_1:A:A_model1,88,10244
150,1myh_1:B:B_model1,88,10060
151,6kw4_3:F:S_model1,40,10318
152,7x3v_3:G:G_model1,40,10228
153,6vz4_3:C:C_model9,40,10190
154,6ltl_1:A:A_model1,88,13010
155,7dgj_1:A:A_model1,88,12850
156,8t9h_3:G:G_model1,40,10160
157,6bmg_1:A:A_model1,88,10528
158,7v5p_1:B:B_model1,88,12754
159,7xcf_1:A:A_model1,88,10400
160,2g0x_1:A:A_model2,88,10526
161,3wyo_2:B:B_model1,88,12940
162,3rj6_1:B:B_model1,88,10094
163,6vz4_3:G:G_model7,40,10162
164,1mnj_1:B:B_model1,88,10054
165,6zhy_3:C:C_model1,40,10044
166,5oxv_3:L:M_model1,40,10038
167,2g14_1:A:A_model1,88,10574
168,5ycj_1:A:A_model1,88,10236
169,8g6g_3:G:G_model1,40,10180
170,8euj_3:C:C_model1,40,10330
171,1pmb_1:B:B_model1,88,10042
172,6kw5_17:S:O_model1,40,10364
173,1yca_1:B:B_model1,88,10166
174,7vdv_2:B:C_model1,40,10272
175,8eue_3:C:C_model1,40,10344
176,7dgm_1:B:B_model1,88,12672
177,1m6m_1:A:A_model1,88,10362
178,1pmb_1:A:A_model1,88,10124
179,1mnj_1:A:A_model1,88,10036
180,3mn0_1:A:A_model1,88,10692
181,7und_28:FA:g_model1,40,10046
182,6j99_3:G:G_model1,40,10206
183,4zux_3:M:M_model1,40,10096
184,2g11_1:A:A_model2,88,10504
185,5utb_1:A:A_model1,88,10240
186,2g14_1:A:A_model2,88,10564
187,6i84_2:C:V_model1,40,10162
188,6z4t_1:A:A_model1,88,10548
189,5ycj_1:B:B_model1,88,11032
190,6ryu_3:C:C_model1,40,10114
191,5oy7_4:EA:K_model1,40,10088
